student-number,course
2011011547,CST软件工程
2012011344,CST软件工程
2012011378,CST软件工程
2012012439,CST软件工程
2013010247,CST软件工程
2013010952,CST软件工程
2013011016,CST软件工程
2013011299,CST软件工程
2013011322,CST软件工程
2013011327,CST软件工程
2013011340,CST软件工程
2013011398,CST软件工程
2013011423,CST软件工程
2013011429,CST软件工程
2013011433,CST软件工程
2013011665,CST软件工程
2013011710,CST软件工程
2013011988,CST软件工程
2013012182,CST软件工程
2013012408,CST软件工程
2013012443,CST软件工程
2013080071,CST软件工程
2014010257,CST软件工程
2014010303,CST软件工程
2014010544,CST软件工程
2014010646,CST软件工程
2014010781,CST软件工程
2014010841,CST软件工程
2014010845,CST软件工程
2014010881,CST软件工程
2014011117,CST软件工程
2014011119,CST软件工程
2014011245,CST软件工程
2014011290,CST软件工程
2014011291,CST软件工程
2014011292,CST软件工程
2014011293,CST软件工程
2014011294,CST软件工程
2014011296,CST软件工程
2014011297,CST软件工程
2014011298,CST软件工程
2014011300,CST软件工程
2014011301,CST软件工程
2014011302,CST软件工程
2014011308,CST软件工程
2014011309,CST软件工程
2014011311,CST软件工程
2014011312,CST软件工程
2014011313,CST软件工程
2014011314,CST软件工程
2014011315,CST软件工程
2014011317,CST软件工程
2014011318,CST软件工程
2014011319,CST软件工程
2014011322,CST软件工程
2014011324,CST软件工程
2014011326,CST软件工程
2014011327,CST软件工程
2014011328,CST软件工程
2014011329,CST软件工程
2014011330,CST软件工程
2014011331,CST软件工程
2014011332,CST软件工程
2014011334,CST软件工程
2014011335,CST软件工程
2014011336,CST软件工程
2014011337,CST软件工程
2014011338,CST软件工程
2014011339,CST软件工程
2014011340,CST软件工程
2014011344,CST软件工程
2014011347,CST软件工程
2014011348,CST软件工程
2014011349,CST软件工程
2014011350,CST软件工程
2014011351,CST软件工程
2014011352,CST软件工程
2014011353,CST软件工程
2014011354,CST软件工程
2014011355,CST软件工程
2014011356,CST软件工程
2014011357,CST软件工程
2014011358,CST软件工程
2014011359,CST软件工程
2014011360,CST软件工程
2014011361,CST软件工程
2014011362,CST软件工程
2014011363,CST软件工程
2014011364,CST软件工程
2014011365,CST软件工程
2014011366,CST软件工程
2014011368,CST软件工程
2014011369,CST软件工程
2014011370,CST软件工程
2014011371,CST软件工程
2014011372,CST软件工程
2014011373,CST软件工程
2014011374,CST软件工程
2014011375,CST软件工程
2014011379,CST软件工程
2014011380,CST软件工程
2014011382,CST软件工程
2014011386,CST软件工程
2014011387,CST软件工程
2014011388,CST软件工程
2014011389,CST软件工程
2014011390,CST软件工程
2014011391,CST软件工程
2014011392,CST软件工程
2014011394,CST软件工程
2014011395,CST软件工程
2014011397,CST软件工程
2014011398,CST软件工程
2014011399,CST软件工程
2014011400,CST软件工程
2014011401,CST软件工程
2014011402,CST软件工程
2014011403,CST软件工程
2014011404,CST软件工程
2014011405,CST软件工程
2014011406,CST软件工程
2014011407,CST软件工程
2014011408,CST软件工程
2014011409,CST软件工程
2014011410,CST软件工程
2014011411,CST软件工程
2014011415,CST软件工程
2014011418,CST软件工程
2014011419,CST软件工程
2014011420,CST软件工程
2014011421,CST软件工程
2014011423,CST软件工程
2014011424,CST软件工程
2014011425,CST软件工程
2014011426,CST软件工程
2014011427,CST软件工程
2014011428,CST软件工程
2014011430,CST软件工程
2014011433,CST软件工程
2014011435,CST软件工程
2014011436,CST软件工程
2014011437,CST软件工程
2014011438,CST软件工程
2014011439,CST软件工程
2014011440,CST软件工程
2014011441,CST软件工程
2014011442,CST软件工程
2014011443,CST软件工程
2014011445,CST软件工程
2014011446,CST软件工程
2014011447,CST软件工程
2014011448,CST软件工程
2014011449,CST软件工程
2014011450,CST软件工程
2014011451,CST软件工程
2014011452,CST软件工程
2014011453,CST软件工程
2014011514,CST软件工程
2014011546,CST软件工程
2014011561,CST软件工程
2014011778,CST软件工程
2014012086,CST软件工程
2014012273,CST软件工程
2014012276,CST软件工程
2014012283,CST软件工程
2014012340,CST软件工程
2014012688,CST软件工程
2014080041,CST软件工程
2014080042,CST软件工程
2015011251,CST软件工程
2015011252,CST软件工程
2015011257,CST软件工程
2015011260,CST软件工程
2015011262,CST软件工程
2015011270,CST软件工程
2015011273,CST软件工程
2015011274,CST软件工程
2015011310,CST软件工程
2015011320,CST软件工程
2015011333,CST软件工程
2015011335,CST软件工程
2015011337,CST软件工程
2015011343,CST软件工程
2015011360,CST软件工程
2015011366,CST软件工程
2015011376,CST软件工程